index,mutation_factor,elite_count,population_size,value,point
0,0.1,1,10,404.160712691783,"[-6.683911589936358, -58.74612976444538]"
0,0.1,1,50,403.995700189381,"[-61.476546813460985, -15.128512562398981]"
0,0.1,1,100,403.4740254434013,"[8.497750075585259, -52.04155928315193]"
0,0.1,5,10,400.7401849091281,"[1.1283360904602433, -47.6892130104094]"
0,0.1,5,50,403.6651037566327,"[-57.290477067546554, -18.816225717771573]"
0,0.1,5,100,400.9500715626405,"[-4.138197516454514, -49.421915571880305]"
0,0.1,10,10,404.0038010099928,"[-6.683911589936358, -58.52694458901951]"
0,0.1,10,50,404.00649951859884,"[-61.515483140005564, -15.128512562398981]"
0,0.1,10,100,403.4405446351399,"[8.497750075585259, -51.987118126890124]"
0,1.0,1,10,404.0161307445685,"[-6.683911589936358, -58.544378564498196]"
0,1.0,1,50,403.39541119208764,"[-4.524652390228295, -57.47482006091224]"
0,1.0,1,100,403.080346154735,"[8.497750075585259, -51.38036509986508]"
0,1.0,5,10,400.1202271755744,"[21.627913471811542, -22.982529654691476]"
0,1.0,5,50,400.32096827635513,"[13.691675693796878, -36.818916705824336]"
0,1.0,5,100,400.03507051971775,"[27.062169499019337, -9.627000832546676]"
0,1.0,10,10,402.60559119392934,"[-7.577808532534987, -56.225839733354405]"
0,1.0,10,50,400.165816370494,"[42.09504781260256, 58.32831126045953]"
0,1.0,10,100,402.4415592239834,"[44.04071135643959, 53.74224491504839]"
0,10.0,1,10,401.1396867706317,"[44.51851917444371, 64.36949142733887]"
0,10.0,1,50,400.03152344188766,"[27.28422861962963, -9.482928450473857]"
0,10.0,1,100,400.086023738653,"[23.647012643973753, -19.00790372132111]"
0,10.0,5,10,400.12710504373376,"[41.20031825184936, 51.48279056416997]"
0,10.0,5,50,400.00060612436766,"[31.8656057652919, 5.293269413257879]"
0,10.0,5,100,400.0023672952568,"[32.62942149876651, 8.618970971640998]"
0,10.0,10,10,400.1592136226905,"[42.0784101763614, 57.46227503658366]"
0,10.0,10,50,400.0003483716701,"[32.023280936438816, 6.002697974474205]"
0,10.0,10,100,400.10873052535266,"[39.93919865836117, 44.77712385607465]"
0,50.0,1,10,400.1318288600152,"[35.14524532628018, 15.301646232712763]"
0,50.0,1,50,400.49219876540394,"[45.87897806442601, 94.87920931727314]"
0,50.0,1,100,400.0019250117649,"[33.71273956939077, 12.482387288244837]"
0,50.0,5,10,400.0293555799065,"[27.504263830122206, -8.89716703922997]"
0,50.0,5,50,400.00100629699625,"[31.682811144968937, 4.607755132085938]"
0,50.0,5,100,400.0019974461806,"[31.38029730969417, 3.7988074596732417]"
0,50.0,10,10,400.02019999987397,"[29.60781736436835, -3.1284912135382825]"
0,50.0,10,50,400.01654414774777,"[28.777053024136027, -5.039874274325154]"
0,50.0,10,100,400.0011929218015,"[32.29482186639619, 6.661417872751457]"
1,0.1,1,10,404.15505010583956,"[-6.683911589936358, -58.73831891694111]"
1,0.1,1,50,403.9766057725201,"[-61.40403346736345, -15.128512562398981]"
1,0.1,1,100,401.7020935113261,"[-13.16430605237106, -53.065103163754266]"
1,0.1,5,10,400.134035969312,"[41.39102306389732, 52.83511760437002]"
1,0.1,5,50,403.64409908818675,"[-56.96849818318659, -19.25203096199134]"
1,0.1,5,100,400.451692350322,"[9.355480241350886, -41.7410660267944]"
1,0.1,10,10,403.92857266983464,"[-6.683911589936358, -58.419762965810925]"
1,0.1,10,50,403.97273857373455,"[-61.38870517144635, -15.128512562398981]"
1,0.1,10,100,401.3501329828715,"[-11.951739829685524, -51.55141626924115]"
1,1.0,1,10,404.15748892989234,"[-7.025953878774858, -58.74612976444538]"
1,1.0,1,50,401.56200060111144,"[-17.93262176810827, -49.34728087906226]"
1,1.0,1,100,401.66849733994894,"[40.43705892242641, 60.483637437259574]"
1,1.0,5,10,400.07550454732126,"[24.080785645703237, -17.576020640237818]"
1,1.0,5,50,400.18697793733924,"[18.826394843603797, -28.933560861016623]"
1,1.0,5,100,400.0032712172902,"[33.95956460878162, 13.645247868108108]"
1,1.0,10,10,402.2721453973172,"[-6.683911589936358, -55.534592070311575]"
1,1.0,10,50,403.20961566335075,"[-13.833118515870785, -56.463159721655586]"
1,1.0,10,100,400.3918600530004,"[41.54708529895881, 59.4618668582833]"
1,10.0,1,10,400.50463329146123,"[41.50175824518535, 60.36456497932722]"
1,10.0,1,50,400.00848966427037,"[30.0853608583199, -1.0797167003733463]"
1,10.0,1,100,400.00998392164735,"[33.102141386870095, 9.177767239943602]"
1,10.0,5,10,400.0276278115088,"[27.6562676829735, -8.447723731078097]"
1,10.0,5,50,400.16965622197307,"[19.353083792300826, -27.67036832524842]"
1,10.0,5,100,400.0003472864286,"[33.02476021287032, 9.702528829075803]"
1,10.0,10,10,400.15963216200026,"[42.00612995995101, 57.46227503658366]"
1,10.0,10,50,400.1423063486348,"[23.064033453003546, -21.486965288616105]"
1,10.0,10,100,400.06330395745323,"[34.91731296081205, 15.357740611950058]"
1,50.0,1,10,400.34143695365486,"[36.56199110520861, 19.663932290521373]"
1,50.0,1,50,400.032483050089,"[36.65882911941654, 24.634363920347525]"
1,50.0,1,100,400.0006856051237,"[33.00586036107806, 9.813489166456794]"
1,50.0,5,10,400.0083896164252,"[31.016160813495418, 1.7416991051998707]"
1,50.0,5,50,400.00200164385603,"[31.62697535363456, 4.775846111473044]"
1,50.0,5,100,400.0006116969182,"[32.11754552991947, 6.462866042087019]"
1,50.0,10,10,400.1298405934783,"[36.76653710115205, 22.916250623610182]"
1,50.0,10,50,400.0015203448885,"[33.50195536663975, 11.732219199475118]"
1,50.0,10,100,400.00166188323607,"[33.17579094154686, 10.024078597594148]"
2,0.1,1,10,404.160712691783,"[-6.683911589936358, -58.74612976444538]"
2,0.1,1,50,404.00649951859884,"[-61.515483140005564, -15.128512562398981]"
2,0.1,1,100,401.43286129396836,"[-10.384732618124415, -52.62188547389073]"
2,0.1,5,10,400.75580791642346,"[0.7888913739960591, -48.03397495065449]"
2,0.1,5,50,401.0484580161885,"[-6.294923957090937, -50.54207284627101]"
2,0.1,5,100,400.48978492667027,"[8.160494795890889, -42.82628796141079]"
2,0.1,10,10,403.95635925240447,"[-6.683911589936358, -58.459515767846625]"
2,0.1,10,50,404.00649951859884,"[-61.515483140005564, -15.128512562398981]"
2,0.1,10,100,401.70736930524953,"[12.32967235904595, -45.00400326600668]"
2,1.0,1,10,404.160712691783,"[-6.683911589936358, -58.74612976444538]"
2,1.0,1,50,403.7037492262172,"[-5.727880004372421, -58.05245528212249]"
2,1.0,1,100,400.30097450740726,"[14.191299772211803, -35.73893244341997]"
2,1.0,5,10,400.1205782398548,"[22.056771593346795, -21.483799450107075]"
2,1.0,5,50,400.30219538711583,"[15.113971654937103, -33.36458209609863]"
2,1.0,5,100,400.0000032180799,"[32.48919023147118, 7.660417568000232]"
2,1.0,10,10,402.98508910169625,"[-6.683911589936358, -56.93058795726868]"
2,1.0,10,50,403.7169829503112,"[-14.02502223931694, -57.22440527878356]"
2,1.0,10,100,400.1459074755723,"[41.72671216817136, 54.5316494628608]"
2,10.0,1,10,400.48931612123874,"[38.36374077847404, 41.01980976951466]"
2,10.0,1,50,400.33140242043436,"[44.06800140298915, 76.47897378174221]"
2,10.0,1,100,400.04860035729683,"[25.970710002286022, -12.597198369022475]"
2,10.0,5,10,400.108603851018,"[26.46939317211904, -13.48930359148335]"
2,10.0,5,50,400.00017753792895,"[32.74844592197295, 8.569302458664264]"
2,10.0,5,100,400.0000995381619,"[32.763053538544156, 8.748886299035505]"
2,10.0,10,10,400.168426686028,"[42.21179617322784, 57.46227503658366]"
2,10.0,10,50,400.00015585291004,"[32.85595027099676, 9.081108091092723]"
2,10.0,10,100,400.0000139511066,"[32.40971723970875, 7.367673613228026]"
2,50.0,1,10,400.7863347132095,"[3.413879172697655, -44.268440432736234]"
2,50.0,1,50,400.0065314096283,"[32.70958670578449, 7.819435356970104]"
2,50.0,1,100,400.0001715786382,"[32.679378020581964, 8.493386375175255]"
2,50.0,5,10,400.123947660319,"[41.12067806022575, 50.77573120715752]"
2,50.0,5,50,400.0081856137825,"[30.06935432628752, -0.5780664030187523]"
2,50.0,5,100,400.00108231430016,"[32.478091671930784, 7.912795949696598]"
2,50.0,10,10,400.0264602142172,"[32.46316237785315, 8.964929037630178]"
2,50.0,10,50,400.02028785111,"[28.341132633494567, -6.326101838982439]"
2,50.0,10,100,400.002528089309,"[33.877887714208505, 13.17858390536113]"
3,0.1,1,10,404.160712691783,"[-6.683911589936358, -58.74612976444538]"
3,0.1,1,50,403.9662920610112,"[-61.515483140005564, -14.875932282612224]"
3,0.1,1,100,400.03392690101856,"[37.31898729836783, 28.81839137143782]"
3,0.1,5,10,400.76633399343655,"[0.46536859422208887, -48.08132779251289]"
3,0.1,5,50,400.16113072541174,"[42.103643377386625, 57.858631903840156]"
3,0.1,5,100,400.41626498125953,"[10.426242786977927, -40.569594295311276]"
3,0.1,10,10,404.01054396279983,"[-6.683911589936358, -58.53648354732446]"
3,0.1,10,50,404.00649951859884,"[-61.515483140005564, -15.128512562398981]"
3,0.1,10,100,400.16122223249056,"[42.10575168198214, 57.87500733991569]"
3,1.0,1,10,403.8942727342206,"[-6.683911589936358, -58.370422095751586]"
3,1.0,1,50,403.4537865559597,"[29.37284799163903, 11.932632704616307]"
3,1.0,1,100,401.835802558879,"[39.14563541503873, 24.97339275560021]"
3,1.0,5,10,400.0985046415674,"[22.76424006607218, -20.660652265835154]"
3,1.0,5,50,400.19789593992857,"[18.115447844523803, -29.601889155731822]"
3,1.0,5,100,400.00476469174606,"[30.703099939955504, 1.5104412624203776]"
3,1.0,10,10,402.3252958842451,"[-6.683911589936358, -55.65102940754535]"
3,1.0,10,50,400.17364451862005,"[41.56258362907625, 51.52887861257347]"
3,1.0,10,100,400.3180045007115,"[13.63607594049172, -36.206812430810935]"
3,10.0,1,10,404.160712691783,"[-6.683911589936358, -58.74612976444538]"
3,10.0,1,50,401.05632498984687,"[-6.683911589936358, -50.27093721660347]"
3,10.0,1,100,400.0022467283835,"[31.285258030736276, 3.134833602813866]"
3,10.0,5,10,400.1513226986754,"[20.89429402086948, -25.38436750954108]"
3,10.0,5,50,400.0291193341254,"[28.110855362254178, -7.557700035452179]"
3,10.0,5,100,400.0000356414582,"[32.67641771278443, 8.377470538412254]"
3,10.0,10,10,400.07480376144184,"[39.39865594122861, 39.81810805979655]"
3,10.0,10,50,400.1940328180773,"[18.386287152308537, -28.856365622892]"
3,10.0,10,100,400.16120138456165,"[20.80945633423962, -23.638950682487668]"
3,50.0,1,10,400.86003642198375,"[49.79254231379099, 139.29354351732857]"
3,50.0,1,50,400.01056544271296,"[29.65404724634723, -2.407022645901243]"
3,50.0,1,100,400.0012680070101,"[32.6940238121698, 8.749619880654262]"
3,50.0,5,10,400.0252383078474,"[33.275128489227015, 12.063938460209346]"
3,50.0,5,50,400.00816472416875,"[31.447369633858305, 3.1865283880726594]"
3,50.0,5,100,400.0017394945298,"[32.88113641499605, 8.825755981626578]"
3,50.0,10,10,400.1451815768438,"[37.35403907944421, 32.20952135419592]"
3,50.0,10,50,400.00695574094794,"[30.672618530036157, 1.6147766296176655]"
3,50.0,10,100,400.00090664166623,"[32.45123375340859, 7.275853499349395]"
4,0.1,1,10,404.0406397337261,"[-6.496395756548792, -58.574444505393295]"
4,0.1,1,50,403.9796260536779,"[-61.41584550531583, -15.128512562398981]"
4,0.1,1,100,401.5470128438384,"[-12.190821301224007, -52.69481830108033]"
4,0.1,5,10,400.7599559924086,"[0.6650494767616959, -48.06492102431263]"
4,0.1,5,50,403.88331580499954,"[-60.92153308487227, -15.136266803195747]"
4,0.1,5,100,400.46604757430066,"[8.88128021040359, -42.151043147984716]"
4,0.1,10,10,404.01884918571034,"[-6.683911589936358, -58.54821742500722]"
4,0.1,10,50,400.1546195803384,"[41.89617034851292, 55.35822693221378]"
4,0.1,10,100,401.24376901904407,"[-9.195773922981067, -51.73411827694957]"
4,1.0,1,10,403.17018767094044,"[-7.815065260079268, -57.24408143879716]"
4,1.0,1,50,403.0722241580915,"[44.83053511598745, 57.46227503658366]"
4,1.0,1,100,400.144939407518,"[41.71007141538015, 54.83680171570284]"
4,1.0,5,10,400.113979174903,"[21.97162802937606, -22.475817697393317]"
4,1.0,5,50,400.30201135673417,"[14.377375101045534, -35.91586090355638]"
4,1.0,5,100,400.0090785541163,"[34.92634116991087, 17.836532004042546]"
4,1.0,10,10,402.77707571237414,"[-6.683911589936358, -56.55513062588435]"
4,1.0,10,50,400.27858848327423,"[15.180129434799708, -34.737054785195305]"
4,1.0,10,100,400.1798963206444,"[42.39906093655336, 60.6594538231236]"
4,10.0,1,10,404.160712691783,"[-6.683911589936358, -58.74612976444538]"
4,10.0,1,50,400.23442947739807,"[18.59795783510049, -30.257587525398215]"
4,10.0,1,100,400.00273162660125,"[31.425065364571523, 3.4946739663895316]"
4,10.0,5,10,400.05673974081304,"[25.365040884397573, -14.196237965195808]"
4,10.0,5,50,400.0269454849901,"[28.52790225167182, -4.9641199817224315]"
4,10.0,5,100,400.00013356460494,"[32.20416169784424, 6.578540213682146]"
4,10.0,10,10,400.1591583073211,"[42.07556434226116, 57.46227503658366]"
4,10.0,10,50,400.0017135879076,"[33.540903265113556, 11.598718782602058]"
4,10.0,10,100,400.061366996093,"[32.29821351932662, 9.066749949657325]"
4,50.0,1,10,400.4701373510678,"[35.63031954092989, 27.006319326656822]"
4,50.0,1,50,400.1244575831137,"[27.664939397835994, -5.826312194496225]"
4,50.0,1,100,400.0000071879555,"[32.45501198284231, 7.561031966178106]"
4,50.0,5,10,400.08282237046075,"[39.462004886107636, 41.26702994673878]"
4,50.0,5,50,400.0012832923313,"[32.66355019628661, 8.030642672597011]"
4,50.0,5,100,400.00048157259823,"[32.668780712497885, 8.172015989422398]"
4,50.0,10,10,400.2439027256872,"[41.56503559332585, 57.46227503658366]"
4,50.0,10,50,400.0004430649765,"[33.07149136556158, 9.953746467565786]"
4,50.0,10,100,400.0018452549403,"[33.526931702096675, 11.505704169634122]"
5,0.1,1,10,404.160712691783,"[-6.683911589936358, -58.74612976444538]"
5,0.1,1,50,403.98937465090546,"[-61.450845465504955, -15.132072343998368]"
5,0.1,1,100,401.5384854975367,"[-12.302951243697587, -52.62054750142997]"
5,0.1,5,10,400.7672196926984,"[0.43688317573918906, -48.078363533282634]"
5,0.1,5,50,403.6115592597208,"[-56.47244495460201, -20.101472762218375]"
5,0.1,5,100,403.4191372209864,"[-53.06488201690322, -23.684282364372798]"
5,0.1,10,10,403.9177024308032,"[-6.683911589936358, -58.404158475510435]"
5,0.1,10,50,404.00577864434365,"[-61.61948161822616, -14.960054809455508]"
5,0.1,10,100,401.32474623913225,"[-10.210693418307052, -52.030066632419484]"
5,1.0,1,10,403.56304741460104,"[-6.683911589936358, -57.8774721656973]"
5,1.0,1,50,403.4120640639292,"[-6.683911589936358, -57.6418347531643]"
5,1.0,1,100,400.4000444861547,"[11.963409376268615, -39.623637182327016]"
5,1.0,5,10,400.159415130133,"[19.881999191380956, -26.823042989430416]"
5,1.0,5,50,400.1794110320407,"[42.49599459808342, 60.99210117704283]"
5,1.0,5,100,400.0242721516004,"[36.623815361399465, 25.278579630208757]"
5,1.0,10,10,402.59552512758006,"[-6.683911589936358, -56.20821533427417]"
5,1.0,10,50,400.4652780055153,"[8.85977136968715, -42.07198201297995]"
5,1.0,10,100,400.29305339186055,"[14.506066455875494, -35.050741043873494]"
5,10.0,1,10,400.54678753444205,"[9.2876895280871, -43.2482795730116]"
5,10.0,1,50,400.0595825706232,"[38.124560224407674, 34.041577335774335]"
5,10.0,1,100,400.0486749205358,"[26.508114029782192, -12.132289424290748]"
5,10.0,5,10,400.0326928403566,"[37.21774502591486, 28.414253180484778]"
5,10.0,5,50,400.0009138934918,"[31.77912515206787, 4.925984577520776]"
5,10.0,5,100,400.00067975421695,"[32.818913404815525, 8.723968513203285]"
5,10.0,10,10,400.1634491054589,"[42.16175553926715, 57.46227503658366]"
5,10.0,10,50,400.06677906752986,"[29.28233136411834, -5.199070602780846]"
5,10.0,10,100,400.0953606312519,"[39.689607232198455, 42.983689717053615]"
5,50.0,1,10,401.3166455298428,"[-12.030578162942575, -49.569023065097646]"
5,50.0,1,50,400.31865974968065,"[21.892896527815992, -25.569547348765965]"
5,50.0,1,100,400.0013113176012,"[33.037732952390925, 10.038196328659083]"
5,50.0,5,10,400.02108587882833,"[28.242540364095184, -6.53200957589456]"
5,50.0,5,50,400.0009473788519,"[32.09767333376353, 6.445804262433057]"
5,50.0,5,100,400.00538736694483,"[34.50755829677301, 15.759978503459127]"
5,50.0,10,10,400.2433320768556,"[43.273502006204104, 64.00071357818388]"
5,50.0,10,50,400.0041776047724,"[33.91255284244452, 13.60905687693629]"
5,50.0,10,100,400.00248400182784,"[31.460396530727074, 4.191730248701106]"
6,0.1,1,10,404.160712691783,"[-6.683911589936358, -58.74612976444538]"
6,0.1,1,50,404.00649951859884,"[-61.515483140005564, -15.128512562398981]"
6,0.1,1,100,403.4708123255836,"[8.37024546487639, -52.13589944801331]"
6,0.1,5,10,400.7503427883895,"[0.879501075829538, -47.873429635697015]"
6,0.1,5,50,400.1371324948062,"[41.48583543086282, 53.41906713172425]"
6,0.1,5,100,400.43936115158783,"[9.645309514106634, -41.255297692698754]"
6,0.1,10,10,404.01788343957685,"[-6.683911589936358, -58.54685384626025]"
6,0.1,10,50,404.00649951859884,"[-61.515483140005564, -15.128512562398981]"
6,0.1,10,100,401.30891954800444,"[-10.904360082110466, -51.652423482860776]"
6,1.0,1,10,402.87857164066565,"[-6.683911589936358, -56.74103284257241]"
6,1.0,1,50,403.86977272379727,"[-60.444698626922985, -14.735888720478535]"
6,1.0,1,100,400.3304854753787,"[13.642664594667778, -37.13697604359978]"
6,1.0,5,10,400.0996279275246,"[22.793177524323752, -20.826053932642708]"
6,1.0,5,50,402.1737697607312,"[-10.341986098306265, -55.06728111429185]"
6,1.0,5,100,400.0606494126576,"[38.49816711933578, 35.74054225534325]"
6,1.0,10,10,402.5362537064528,"[-6.683911589936358, -56.090522654047085]"
6,1.0,10,50,400.4475458434423,"[9.60469329632683, -41.64193707899082]"
6,1.0,10,100,400.03205428249134,"[37.11248091317828, 27.367202210863088]"
6,10.0,1,10,400.03189106597534,"[36.31859712636189, 22.843274138453474]"
6,10.0,1,50,400.05859663304875,"[25.22915402938228, -14.554426634790211]"
6,10.0,1,100,400.0012541319464,"[31.899142685924758, 5.726242244468814]"
6,10.0,5,10,400.0729092435667,"[24.32043615332786, -17.27636752952594]"
6,10.0,5,50,400.1698272604095,"[41.81849199026639, 53.74224491504839]"
6,10.0,5,100,400.0024625759672,"[33.860908207041426, 12.987693747446938]"
6,10.0,10,10,400.11727797108153,"[40.90809817883883, 49.08330908994825]"
6,10.0,10,50,400.0845913964563,"[23.64125712464651, -18.91111099226567]"
6,10.0,10,100,400.04704632564017,"[37.62484087593774, 31.21336709701916]"
6,50.0,1,10,403.6864838722779,"[-30.82038114656929, -48.53601373148649]"
6,50.0,1,50,400.01658032051563,"[33.1736384187184, 9.20547423883168]"
6,50.0,1,100,400.0010730744047,"[32.0243803628981, 6.182864758219196]"
6,50.0,5,10,400.0236400026905,"[27.979254261171018, -7.287083981473947]"
6,50.0,5,50,400.002586931667,"[32.775428724801735, 9.189634609045921]"
6,50.0,5,100,400.00204080542545,"[32.195078775440976, 6.947264699308796]"
6,50.0,10,10,400.164018864472,"[41.56554618401744, 55.51301666252772]"
6,50.0,10,50,400.00775224668905,"[34.002836826774605, 13.015126237193414]"
6,50.0,10,100,400.0014018555942,"[32.933347577288856, 9.07230404288805]"
7,0.1,1,10,404.15762375320116,"[-6.9981065326606045, -58.74612976444538]"
7,0.1,1,50,404.0062806916566,"[-6.6465217496159115, -58.52967250679107]"
7,0.1,1,100,403.47374960014463,"[8.497750075585259, -52.041112019862865]"
7,0.1,5,10,400.7053812415113,"[2.0314439016505323, -47.07711107717018]"
7,0.1,5,50,403.60410372890067,"[-56.3389622778915, -20.138035224200493]"
7,0.1,5,100,400.4260506004489,"[10.232106059429665, -40.94061904744983]"
7,0.1,10,10,404.01170086049086,"[-6.683911589936358, -58.538119049920375]"
7,0.1,10,50,403.99503106975953,"[-61.515483140005564, -15.06263118271962]"
7,0.1,10,100,400.0354891134321,"[37.394535991530645, 29.33918541250227]"
7,1.0,1,10,404.160712691783,"[-6.683911589936358, -58.74612976444538]"
7,1.0,1,50,403.94856099541704,"[-61.28697042631489, -15.128512562398981]"
7,1.0,1,100,400.23488235033574,"[16.81565115258664, -32.24492697220528]"
7,1.0,5,10,400.08620257800436,"[23.480795618664597, -18.819696731162516]"
7,1.0,5,50,400.10742253271934,"[22.283070543172812, -21.65219764925915]"
7,1.0,5,100,400.01210796430365,"[35.46632977395365, 19.917582672611054]"
7,1.0,10,10,402.5553851173493,"[-6.683911589936358, -56.12876691524655]"
7,1.0,10,50,400.43830131179675,"[9.713177930873563, -41.27686306587661]"
7,1.0,10,100,400.1256216720808,"[41.159656787900396, 51.18478862045952]"
7,10.0,1,10,400.189447933155,"[42.339549134234296, 57.46227503658366]"
7,10.0,1,50,400.0336648683501,"[27.37967644531771, -8.569329332433947]"
7,10.0,1,100,400.0214512192995,"[28.91231694188838, -3.8897423876813733]"
7,10.0,5,10,400.04280468276363,"[26.302818522460942, -12.001144200906335]"
7,10.0,5,50,400.00014587203725,"[32.172500898342285, 6.486253970114699]"
7,10.0,5,100,400.0063482697266,"[30.327496461555615, 0.21337195280575827]"
7,10.0,10,10,400.1635488519429,"[41.93735229100089, 57.46227503658366]"
7,10.0,10,50,400.10650453670314,"[22.40703619219593, -21.64262196229408]"
7,10.0,10,100,400.10926352832803,"[23.196574937430267, -20.59280618415502]"
7,50.0,1,10,400.77664912167154,"[8.286584338827353, -45.50931565501358]"
7,50.0,1,50,400.008022055156,"[33.60587040171696, 12.720730111505539]"
7,50.0,1,100,400.00300274191824,"[32.41161936920717, 7.848556717636314]"
7,50.0,5,10,400.04366167285946,"[30.80694370536852, 3.2811899296235723]"
7,50.0,5,50,400.00102877991395,"[31.60457915758949, 4.438385158005065]"
7,50.0,5,100,400.00122928459695,"[31.531048771010166, 4.212109805549028]"
7,50.0,10,10,400.15912476551824,"[42.07367080033197, 57.46227503658366]"
7,50.0,10,50,400.00093810066073,"[32.38776779202048, 7.036052550020344]"
7,50.0,10,100,400.0122085184788,"[31.779876931610843, 5.959588432852385]"
8,0.1,1,10,404.160712691783,"[-6.683911589936358, -58.74612976444538]"
8,0.1,1,50,403.9803895907276,"[-61.515483140005564, -14.972025123550466]"
8,0.1,1,100,401.31444846893453,"[-6.474370962528128, -52.639418460186675]"
8,0.1,5,10,400.1336611557885,"[41.402464657403975, 52.66787235473263]"
8,0.1,5,50,403.66365551051064,"[-57.271589552930386, -18.846497909189164]"
8,0.1,5,100,400.45444883766726,"[9.308139269650509, -41.841926674500584]"
8,0.1,10,10,404.04500508273964,"[-6.683911589936358, -58.58506274562579]"
8,0.1,10,50,403.9428325497421,"[-61.26113781830228, -15.128512562398981]"
8,0.1,10,100,400.02997657684944,"[37.04192094010036, 27.478422739134764]"
8,1.0,1,10,404.160712691783,"[-6.683911589936358, -58.74612976444538]"
8,1.0,1,50,400.95185383388247,"[42.95317985871619, 53.177829943084085]"
8,1.0,1,100,400.7607570314808,"[42.8012387026705, 53.44198553762523]"
8,1.0,5,10,400.1203208969208,"[21.62061704171932, -23.05245646688447]"
8,1.0,5,50,403.865219794437,"[-60.77092502794659, -15.128512562398981]"
8,1.0,5,100,400.0082434512233,"[34.842526511836255, 17.43239070536235]"
8,1.0,10,10,402.6172418404425,"[-6.683911589936358, -56.250763051502005]"
8,1.0,10,50,403.07016089678683,"[-6.683911589936358, -57.078208192141936]"
8,1.0,10,100,400.1362850884235,"[41.46769426310149, 52.799991391224786]"
8,10.0,1,10,404.160712691783,"[-6.683911589936358, -58.74612976444538]"
8,10.0,1,50,400.0218536230024,"[29.724502877585557, -1.0569922489981654]"
8,10.0,1,100,400.00121997084705,"[32.31846841494197, 7.325789814294783]"
8,10.0,5,10,400.0855461546953,"[27.56011641928451, -6.6874802064830305]"
8,10.0,5,50,400.0119442644468,"[35.44259039752803, 19.869106184385373]"
8,10.0,5,100,400.0000692605142,"[32.521221072073615, 7.72394533181334]"
8,10.0,10,10,400.18621427569377,"[42.32382415786445, 57.46227503658366]"
8,10.0,10,50,400.45422503234636,"[11.21307224208531, -40.905631217308475]"
8,10.0,10,100,400.0304747692554,"[37.04222162313448, 27.60672228434744]"
8,50.0,1,10,400.1468055560461,"[41.46310094448597, 51.77919313744315]"
8,50.0,1,50,400.1093628547445,"[27.9609537357807, -9.605038138253082]"
8,50.0,1,100,400.0021718470816,"[32.468800984750374, 7.994658567970546]"
8,50.0,5,10,400.00422205440793,"[30.679756290271968, 1.1160163754745511]"
8,50.0,5,50,400.00241258139874,"[31.1292890277202, 2.8106806379015916]"
8,50.0,5,100,400.00392703537517,"[31.121120378992266, 2.399385037212923]"
8,50.0,10,10,400.0184545207075,"[33.970717048826764, 14.606379670518201]"
8,50.0,10,50,400.00687402217363,"[30.844647154114192, 2.2501979629359674]"
8,50.0,10,100,400.0114531653115,"[35.29726888591577, 19.413990443292633]"
9,0.1,1,10,404.160712691783,"[-6.683911589936358, -58.74612976444538]"
9,0.1,1,50,403.95254605622375,"[-61.30948971459225, -15.120203464953432]"
9,0.1,1,100,401.53969248037686,"[-12.134756465079064, -52.676873858309015]"
9,0.1,5,10,400.7847413911458,"[-0.04184044131414455, -48.12018337735418]"
9,0.1,5,50,403.6562617186161,"[-57.16312106331431, -19.000645461830388]"
9,0.1,5,100,400.404199149998,"[10.796201774125775, -40.140140420225194]"
9,0.1,10,10,403.9504013963209,"[-6.660322957404391, -58.45052053267324]"
9,0.1,10,50,404.00649951859884,"[-61.515483140005564, -15.128512562398981]"
9,0.1,10,100,401.2838975139912,"[-10.15972825335804, -51.73291308599574]"
9,1.0,1,10,404.160712691783,"[-6.683911589936358, -58.74612976444538]"
9,1.0,1,50,402.2950624217498,"[-6.683911589936358, -55.58510514158224]"
9,1.0,1,100,400.28473631796214,"[15.013730547712667, -34.01982474693036]"
9,1.0,5,10,400.10155147592087,"[22.6070044387629, -20.84224147591526]"
9,1.0,5,50,400.3560137301962,"[13.192417899610247, -37.98848151453444]"
9,1.0,5,100,400.0158111112841,"[28.84153391108086, -4.691761131533984]"
9,1.0,10,10,402.65197939820484,"[-6.683911589936358, -56.31820474374982]"
9,1.0,10,50,404.00649951859884,"[-61.515483140005564, -15.128512562398981]"
9,1.0,10,100,401.79232401623955,"[-12.361475420250496, -53.60875494629231]"
9,10.0,1,10,400.19524540104914,"[39.17701705211557, 35.04210283102127]"
9,10.0,1,50,400.05329131925794,"[37.111459046902326, 26.24631642999514]"
9,10.0,1,100,400.0697974914511,"[25.272977171413434, -15.496592588929587]"
9,10.0,5,10,400.09152844688964,"[23.319210582333668, -18.966127709013502]"
9,10.0,5,50,400.024221373631,"[27.927051985001096, -7.39800677571827]"
9,10.0,5,100,400.00557940001147,"[31.879482158094934, 6.018465588442087]"
9,10.0,10,10,400.1601706165922,"[42.10877226136848, 57.46227503658366]"
9,10.0,10,50,400.01056294427116,"[31.46279510035285, 3.1274275990771727]"
9,10.0,10,100,400.0114035667132,"[35.248566520694894, 19.24884757637259]"
9,50.0,1,10,400.1545897354632,"[22.968193876365838, -21.8565304277457]"
9,50.0,1,50,400.0785024855801,"[32.06824434367027, 3.7576702079240007]"
9,50.0,1,100,400.0014195877975,"[31.445037874227566, 3.843616549650548]"
9,50.0,5,10,400.00141137181873,"[31.448727427104572, 3.8539619499715987]"
9,50.0,5,50,400.00646686736775,"[33.66785733923457, 11.662635759675148]"
9,50.0,5,100,400.0009512025326,"[32.40855017832083, 7.11105117083536]"
9,50.0,10,10,400.0050384037917,"[30.905083787979102, 1.6210831605694835]"
9,50.0,10,50,400.0137926823976,"[35.63442316556882, 20.81007750264628]"
9,50.0,10,100,400.0064082845591,"[34.33329786949691, 14.605788746810198]"
10,0.1,1,10,404.160712691783,"[-6.683911589936358, -58.74612976444538]"
10,0.1,1,50,404.00649951859884,"[-61.515483140005564, -15.128512562398981]"
10,0.1,1,100,401.5267719614082,"[-7.569362220371664, -53.45142934953749]"
10,0.1,5,10,400.74407126454366,"[1.149871474307016, -47.937043722412504]"
10,0.1,5,50,403.8495534994495,"[-60.31567394742059, -15.052209321388592]"
10,0.1,5,100,403.45417654665596,"[-53.71923633839321, -23.05285587746188]"
10,0.1,10,10,403.97128261867937,"[-6.683911589936358, -58.48078617772128]"
10,0.1,10,50,403.96000255882603,"[-61.3594960638571, -15.090440967501669]"
10,0.1,10,100,400.1724351281587,"[42.40516511186902, 59.75777355502538]"
10,1.0,1,10,404.160712691783,"[-6.683911589936358, -58.74612976444538]"
10,1.0,1,50,402.6715096346183,"[-6.683911589936358, -56.3557966336843]"
10,1.0,1,100,402.8765490097581,"[-43.17813619098823, -34.36824219855755]"
10,1.0,5,10,400.1088887918274,"[22.22470350008014, -21.9032883046013]"
10,1.0,5,50,400.14090074459364,"[41.49920081762089, 53.9540375985038]"
10,1.0,5,100,400.0000021668106,"[32.55155633552142, 7.910828133087607]"
10,1.0,10,10,402.74023937583195,"[-6.683911589936358, -56.486295281736965]"
10,1.0,10,50,403.60629156920623,"[-12.386094181657215, -57.42637260784887]"
10,1.0,10,100,400.55311593814633,"[42.591347843422696, 53.67335684383678]"
10,10.0,1,10,402.55991655988146,"[-11.205160001639555, -55.79629538104439]"
10,10.0,1,50,400.2543139002705,"[33.89879856334613, 17.67176568904665]"
10,10.0,1,100,400.0136629368788,"[32.248201897452645, 7.762355008482614]"
10,10.0,5,10,400.04956173789975,"[25.84508384014708, -13.395123669862278]"
10,10.0,5,50,400.0397478205686,"[37.61562532273314, 30.603229463454838]"
10,10.0,5,100,400.000734599207,"[33.106227951991585, 10.1813932513457]"
10,10.0,10,10,400.17406092364314,"[42.25408664851517, 57.46227503658366]"
10,10.0,10,50,400.0294869833182,"[33.09924801671825, 11.489796976344966]"
10,10.0,10,100,400.0286854059575,"[36.12596514029647, 23.899072252907413]"
10,50.0,1,10,403.4723124050565,"[-32.46099311466044, -37.9304601794878]"
10,50.0,1,50,400.1571698641936,"[20.151766996547614, -25.448467777921664]"
10,50.0,1,100,400.00875715215994,"[30.191923992947352, -0.8112992085687338]"
10,50.0,5,10,400.6974500082928,"[48.907836101477976, 129.25489981430468]"
10,50.0,5,50,400.0039516744031,"[34.20389284508821, 14.364227896635136]"
10,50.0,5,100,400.0030157048935,"[31.166215845628347, 2.6497224476385144]"
10,50.0,10,10,400.15963650928893,"[28.560723670265617, -2.642306529850039]"
10,50.0,10,50,400.01004377355673,"[35.060140723013276, 17.808123931505072]"
10,50.0,10,100,400.00043300871073,"[32.17719543037798, 6.366236903693304]"
11,0.1,1,10,404.09994904998405,"[-6.683911589936358, -58.66193263066787]"
11,0.1,1,50,404.00649951859884,"[-61.515483140005564, -15.128512562398981]"
11,0.1,1,100,401.57097357047246,"[-11.907680798443236, -52.88394816706379]"
11,0.1,5,10,400.73043141410255,"[1.476730569548201, -47.71978766416678]"
11,0.1,5,50,403.6031856922753,"[-56.25992753730537, -20.071603343282558]"
11,0.1,5,100,400.4700494458448,"[8.965398181807421, -42.33192275827652]"
11,0.1,10,10,403.97526566684627,"[-6.683911589936358, -58.48645391570616]"
11,0.1,10,50,403.85089319713984,"[-13.932135775429193, -57.44632352817898]"
11,0.1,10,100,401.15599329524827,"[-7.069887004312428, -51.599648112204186]"
11,1.0,1,10,404.160712691783,"[-6.683911589936358, -58.74612976444538]"
11,1.0,1,50,400.52555796004026,"[42.45266776951223, 52.90869895554131]"
11,1.0,1,100,403.2335929349878,"[-13.865595395733253, -56.49563244659963]"
11,1.0,5,10,400.09181718717974,"[23.222106912019907, -19.861899096160748]"
11,1.0,5,50,402.91903989583494,"[-44.12575338547802, -32.71317071705209]"
11,1.0,5,100,400.0131977545622,"[29.169966916527454, -3.6853128561607718]"
11,1.0,10,10,402.7076470575239,"[-6.683911589936358, -56.424753719531815]"
11,1.0,10,50,400.46812415773013,"[8.78796690824915, -42.17914515769169]"
11,1.0,10,100,400.11041765662935,"[40.699769179915855, 48.081823679965446]"
11,10.0,1,10,402.9824760980242,"[-44.392600272161225, -33.659697706010654]"
11,10.0,1,50,400.01621768003236,"[28.8141618497191, -4.700313022046977]"
11,10.0,1,100,400.00568998778675,"[30.36038486883672, 0.2006346420667633]"
11,10.0,5,10,400.0703691917304,"[38.7857812997126, 35.50433095392684]"
11,10.0,5,50,400.08351205694646,"[39.74911475357718, 42.264909260549494]"
11,10.0,5,100,400.0005293670348,"[32.60324385457447, 7.91021641864802]"
11,10.0,10,10,400.1704991977033,"[41.87154745703115, 57.46227503658366]"
11,10.0,10,50,400.2008533358046,"[18.263484633086755, -28.880777993352922]"
11,10.0,10,100,400.0033366299069,"[33.82612775385628, 12.62052431314497]"
11,50.0,1,10,400.05149073572886,"[34.836544431285176, 15.241137082899218]"
11,50.0,1,50,400.13991422115953,"[20.692815405328837, -24.764692267129007]"
11,50.0,1,100,400.01185556460774,"[30.267816601590226, -0.7900772987321076]"
11,50.0,5,10,400.0005904834281,"[32.45972022041741, 7.769907635972254]"
11,50.0,5,50,400.00550936714797,"[30.814529051752096, 1.3009216528269647]"
11,50.0,5,100,400.00088323318926,"[32.84818962332712, 8.80586646849584]"
11,50.0,10,10,400.0159088676131,"[29.989281932174624, -0.3639074488201146]"
11,50.0,10,50,400.0006302564885,"[32.91842725597193, 9.134025325222863]"
11,50.0,10,100,400.00000276036553,"[32.514674403240775, 7.784315843918307]"
12,0.1,1,10,404.16051212770503,"[-6.698014998088846, -58.74612976444538]"
12,0.1,1,50,403.93149422518206,"[-61.31263597398777, -14.944114704257313]"
12,0.1,1,100,400.7374249710742,"[6.148866563791544, -46.64698752751213]"
12,0.1,5,10,400.1289547550715,"[41.24681921252609, 51.851976846200856]"
12,0.1,5,50,401.2298548233012,"[-10.699023784731438, -50.38942167882566]"
12,0.1,5,100,403.4945385441051,"[-54.418868984311906, -22.259881304764967]"
12,0.1,10,10,403.9707088874362,"[-6.683911589936358, -58.47996945491575]"
12,0.1,10,50,403.95927920906007,"[-61.40754462991652, -15.005416033771317]"
12,0.1,10,100,403.5324974740208,"[8.497750075585259, -52.13589944801331]"
12,1.0,1,10,403.65880594880457,"[-6.099540366560534, -58.00431475497545]"
12,1.0,1,50,403.88450063437534,"[-61.156138649720056, -14.427736011450696]"
12,1.0,1,100,400.30074226110736,"[14.349877382805435, -35.86742321829467]"
12,1.0,5,10,400.1253708360724,"[41.164253980895886, 50.96314138481102]"
12,1.0,5,50,400.03325007809434,"[37.27576540932703, 28.58080194585973]"
12,1.0,5,100,400.01155403801533,"[29.42903316552714, -2.7668569157991403]"
12,1.0,10,10,402.67132554164203,"[-6.683911589936358, -56.35544336553629]"
12,1.0,10,50,403.97611110727075,"[-62.39015736739742, -12.423345215613422]"
12,1.0,10,100,400.0155373886786,"[35.75413221191419, 21.492843753334753]"
12,10.0,1,10,404.160712691783,"[-6.683911589936358, -58.74612976444538]"
12,10.0,1,50,400.01294281769316,"[30.669552860948684, 0.4065752047722988]"
12,10.0,1,100,400.03865786764266,"[32.07753109805002, 4.493580582260821]"
12,10.0,5,10,402.28129654294014,"[-31.83612428331335, -43.52046546861112]"
12,10.0,5,50,400.0286435730429,"[29.01477284711556, -5.1307594390479885]"
12,10.0,5,100,400.00008665525087,"[32.36752861030635, 7.1519258472876075]"
12,10.0,10,10,400.1597393441206,"[42.00290146243762, 57.46227503658366]"
12,10.0,10,50,400.0205623535959,"[36.052206972838434, 22.093922163640837]"
12,10.0,10,100,400.1087624106558,"[35.46787779195896, 22.815163823302868]"
12,50.0,1,10,401.1290167029263,"[49.80014793577416, 130.7875223474645]"
12,50.0,1,50,400.00075579105476,"[32.36754511648891, 7.4477332250420964]"
12,50.0,1,100,400.0050841080264,"[32.79322755511437, 8.222592750684093]"
12,50.0,5,10,400.02443074555913,"[27.90740771437184, -7.589047052589303]"
12,50.0,5,50,400.00096362174475,"[33.02839323455809, 9.520715657200174]"
12,50.0,5,100,400.0024529047596,"[32.84239794029254, 9.430763398277662]"
12,50.0,10,10,400.22371588740185,"[43.190759811233015, 64.00071357818388]"
12,50.0,10,50,400.00109260881186,"[33.192885896174815, 10.5684164284905]"
12,50.0,10,100,400.0017782590701,"[33.62171348956055, 12.187500624712094]"
13,0.1,1,10,404.1344512446823,"[-6.683911589936358, -58.70984406949089]"
13,0.1,1,50,404.00649951859884,"[-61.515483140005564, -15.128512562398981]"
13,0.1,1,100,401.5024477868311,"[-6.171984503495536, -53.418732797491884]"
13,0.1,5,10,400.7359089237558,"[1.2298514814438222, -47.57791949554595]"
13,0.1,5,50,400.14922461405683,"[41.81809258211573, 55.666501036831505]"
13,0.1,5,100,400.4432078583383,"[9.69341259785676, -41.49978308163205]"
13,0.1,10,10,404.0010534265598,"[-6.465789961088873, -58.51769485841117]"
13,0.1,10,50,404.00649951859884,"[-61.515483140005564, -15.128512562398981]"
13,0.1,10,100,403.366799077123,"[8.497750075585259, -51.86608921063083]"
13,1.0,1,10,404.160712691783,"[-6.683911589936358, -58.74612976444538]"
13,1.0,1,50,402.16707924491595,"[-6.771295933863761, -55.29720385274905]"
13,1.0,1,100,400.13817042843954,"[41.526458337577544, 53.283159191113555]"
13,1.0,5,10,400.1077191402333,"[22.279815502650457, -21.76100776090028]"
13,1.0,5,50,402.85407244916416,"[-43.0048834272089, -33.84178100407751]"
13,1.0,5,100,400.00044704896084,"[33.03608183248468, 9.68349196751521]"
13,1.0,10,10,402.4723132807249,"[-6.683911589936358, -55.96085898577112]"
13,1.0,10,50,400.4148264091698,"[10.39633376499943, -40.389706003521866]"
13,1.0,10,100,400.1815465840014,"[42.12957703127783, 59.35115626364386]"
13,10.0,1,10,404.160712691783,"[-6.683911589936358, -58.74612976444538]"
13,10.0,1,50,400.06715806929816,"[35.448120632203356, 17.67176568904665]"
13,10.0,1,100,400.0059782391697,"[31.118614251513605, 2.220932830628634]"
13,10.0,5,10,400.12742173816616,"[39.31182199030326, 37.053626667185824]"
13,10.0,5,50,400.0000302302673,"[32.36072073552301, 7.203140023184767]"
13,10.0,5,100,400.0000654473684,"[32.73572443068037, 8.604008974357317]"
13,10.0,10,10,400.13388111767966,"[40.113555496319705, 42.09753039020479]"
13,10.0,10,50,400.27815865627736,"[19.052569003883264, -25.908206359509606]"
13,10.0,10,100,400.03460408465435,"[37.33443321127987, 29.0422696568415]"
13,50.0,1,10,401.00313562950123,"[49.021843443057406, 141.40351187728032]"
13,50.0,1,50,400.11949900622136,"[36.6688086072256, 28.49762137404472]"
13,50.0,1,100,400.00172779872054,"[33.590841098511746, 11.833529203030704]"
13,50.0,5,10,400.00443136099153,"[34.32020323089081, 14.891886335799944]"
13,50.0,5,50,400.0005845932398,"[31.894094175368615, 5.386566048273323]"
13,50.0,5,100,400.0021612415984,"[33.41013226697792, 10.944235483671392]"
13,50.0,10,10,400.21677138223254,"[37.552535377864245, 34.15073921189082]"
13,50.0,10,50,400.006490012686,"[32.343016640983606, 6.44483903558164]"
13,50.0,10,100,400.0041870694515,"[33.578425055648, 12.360288962537112]"
14,0.1,1,10,404.160712691783,"[-6.683911589936358, -58.74612976444538]"
14,0.1,1,50,403.9910473772392,"[-61.459331918884686, -15.128512562398981]"
14,0.1,1,100,401.43096879577064,"[-7.122796331025755, -53.110094309344454]"
14,0.1,5,10,400.7070238623835,"[2.0876477411582397, -47.37139142381444]"
14,0.1,5,50,403.6316636521053,"[-56.74315799355634, -19.497343925173958]"
14,0.1,5,100,403.43372188551,"[-53.37751301767357, -23.490510575135087]"
14,0.1,10,10,403.9995143037078,"[-6.683911589936358, -58.520874622221335]"
14,0.1,10,50,403.83979036057065,"[45.4990390040789, 60.19418793874645]"
14,0.1,10,100,400.13311850189746,"[41.34427039361825, 52.64087185821511]"
14,1.0,1,10,403.2815697212865,"[-6.683911589936358, -57.43193798067601]"
14,1.0,1,50,404.00649951859884,"[-61.515483140005564, -15.128512562398981]"
14,1.0,1,100,400.0176413818449,"[36.01696365076698, 22.605134325900107]"
14,1.0,5,10,400.06064305462735,"[25.076705104309827, -14.963492051407348]"
14,1.0,5,50,400.0988860929866,"[40.2634682354512, 45.65251390142039]"
14,1.0,5,100,400.00000122588267,"[32.541166735254585, 7.871789335361052]"
14,1.0,10,10,402.515754090483,"[-6.683911589936358, -56.0492653306256]"
14,1.0,10,50,403.906272475575,"[-61.515483140005564, -13.90973048743264]"
14,1.0,10,100,402.5469863915177,"[44.096768105203296, 53.74224491504839]"
14,10.0,1,10,400.2458537567879,"[39.98689302868428, 39.2691816578584]"
14,10.0,1,50,400.0031775266669,"[31.678462190436733, 5.095144365445357]"
14,10.0,1,100,400.0276713540525,"[28.09029790300088, -7.5356139668825115]"
14,10.0,5,10,400.37080976298046,"[45.74376282706092, 89.61563553240768]"
14,10.0,5,50,400.0228464770437,"[28.076938113988664, -7.125145168357658]"
14,10.0,5,100,400.00007165507225,"[32.39549184015918, 7.385511125846136]"
14,10.0,10,10,400.15929816119586,"[42.018211282187586, 57.46227503658366]"
14,10.0,10,50,400.19782689542484,"[42.37677205317967, 57.46227503658366]"
14,10.0,10,100,400.0496748641429,"[37.234794548437165, 29.60139936171538]"
14,50.0,1,10,400.5329522883203,"[43.4036947336744, 60.23063325274572]"
14,50.0,1,50,400.1273836788646,"[31.36306684417589, 6.52325977979136]"
14,50.0,1,100,400.0047566794666,"[31.948397668611676, 5.115841218995559]"
14,50.0,5,10,400.00903639642485,"[35.06438531323427, 18.226641107908712]"
14,50.0,5,50,400.00028308442955,"[32.887653785775385, 9.10512981710768]"
14,50.0,5,100,400.0027982302023,"[33.736983881898745, 12.795039232178667]"
14,50.0,10,10,400.1590599949279,"[34.949136541024494, 21.191833246516524]"
14,50.0,10,50,400.01879203358885,"[30.473353089913804, 1.461612522403012]"
14,50.0,10,100,400.0033687305344,"[31.276427415148547, 3.5837958025126326]"
15,0.1,1,10,404.03813162417026,"[-6.7184202704457485, -58.57606537387262]"
15,0.1,1,50,403.9679225919055,"[-61.515483140005564, -14.887580996289902]"
15,0.1,1,100,403.5324974740208,"[8.497750075585259, -52.13589944801331]"
15,0.1,5,10,400.73977084196434,"[1.3618296914132872, -47.94637014885995]"
15,0.1,5,50,403.66046162124417,"[-57.19334459038689, -18.90818024125049]"
15,0.1,5,100,400.4742499026407,"[8.576970803315593, -42.311463952446154]"
15,0.1,10,10,403.9889005945649,"[-6.683911589936358, -58.50582632170796]"
15,0.1,10,50,404.00649951859884,"[-61.515483140005564, -15.128512562398981]"
15,0.1,10,100,400.1444465881166,"[41.64219422746073, 54.76041866721163]"
15,1.0,1,10,404.160712691783,"[-6.683911589936358, -58.74612976444538]"
15,1.0,1,50,403.8507605106102,"[-60.58077694256311, -15.128512562398981]"
15,1.0,1,100,400.19892248837596,"[18.069880073586212, -29.766598303578654]"
15,1.0,5,10,400.10726292832726,"[40.16315848280228, 45.83116950103056]"
15,1.0,5,50,403.8809923823944,"[-60.907761927686174, -15.128512562398981]"
15,1.0,5,100,400.0652843561708,"[38.7272954025549, 37.004791785765846]"
15,1.0,10,10,402.5795252141336,"[-6.683911589936358, -56.1766738338862]"
15,1.0,10,50,400.46202735015373,"[8.978408948735408, -41.51941220806715]"
15,1.0,10,100,400.1777888709856,"[42.529931400178484, 60.701347511648095]"
15,10.0,1,10,400.577139315141,"[10.786046410658459, -42.33016158536684]"
15,10.0,1,50,400.0015178975798,"[31.54667846398074, 4.064550580741425]"
15,10.0,1,100,400.02250395948505,"[28.825121943270094, -5.411922757527581]"
15,10.0,5,10,400.1641809792705,"[41.41420888198233, 54.666942717980575]"
15,10.0,5,50,400.003505218799,"[34.08353440922834, 14.088766817965123]"
15,10.0,5,100,400.00317010958463,"[30.929402661134013, 2.137724265088555]"
15,10.0,10,10,400.16887171730866,"[42.29212260433426, 58.3834547686499]"
15,10.0,10,50,400.219322858357,"[17.844280661409307, -30.91223567650903]"
15,10.0,10,100,400.0410475158306,"[34.56350613963223, 17.67176568904665]"
15,50.0,1,10,400.3072947987299,"[22.829106123225383, -23.64468322308946]"
15,50.0,1,50,400.1203419859315,"[35.0900127824284, 15.21076665792529]"
15,50.0,1,100,400.0018847628576,"[31.568216625894884, 4.530566435535416]"
15,50.0,5,10,400.0081735312621,"[29.902543135340686, -1.3796850856071756]"
15,50.0,5,50,400.010098974219,"[34.49436447756789, 16.30263886384151]"
15,50.0,5,100,400.0021257389954,"[31.6958928105803, 4.455631505501888]"
15,50.0,10,10,400.0505165402489,"[36.30106690241804, 22.124934861082302]"
15,50.0,10,50,400.0050330075312,"[30.777782304652085, 1.2388078162795573]"
15,50.0,10,100,400.00363905886826,"[32.05554928523988, 5.572976528701613]"
16,0.1,1,10,404.1321437491917,"[-6.683911589936358, -58.70664829155242]"
16,0.1,1,50,404.00649951859884,"[-61.515483140005564, -15.128512562398981]"
16,0.1,1,100,403.3273754793329,"[8.005249527545487, -52.1802803777485]"
16,0.1,5,10,400.773385069355,"[0.3626566995718211, -48.29041736332171]"
16,0.1,5,50,401.0360896587003,"[-5.859679641248491, -50.60075110442694]"
16,0.1,5,100,400.4544336011798,"[9.354413879798496, -41.8526882597352]"
16,0.1,10,10,403.99708355022824,"[-6.786899274814349, -58.51929109351218]"
16,0.1,10,50,403.9659927157689,"[-61.44193338037331, -14.995953079636594]"
16,0.1,10,100,400.0335549622821,"[37.26911307632325, 28.69760318617584]"
16,1.0,1,10,404.160712691783,"[-6.683911589936358, -58.74612976444538]"
16,1.0,1,50,402.7889598030854,"[-7.172521338153895, -56.58092975260371]"
16,1.0,1,100,402.49036945071055,"[-13.609250645476186, -55.14606094071793]"
16,1.0,5,10,400.11017582883716,"[22.89464194598649, -21.141173341324556]"
16,1.0,5,50,400.185917704306,"[19.434021649981332, -28.23362829876583]"
16,1.0,5,100,400.0039755894145,"[34.19060277655567, 14.53131625985089]"
16,1.0,10,10,402.9473724503089,"[-6.683911589936358, -56.86408832305831]"
16,1.0,10,50,400.3444656507961,"[12.949994564516988, -37.84662522092326]"
16,1.0,10,100,400.1240128827354,"[41.089155466909695, 50.8764706802148]"
16,10.0,1,10,400.28419639542483,"[24.397562482837493, -20.13738189162757]"
16,10.0,1,50,400.06857828564677,"[36.23668295421168, 25.565228143439725]"
16,10.0,1,100,400.08842429600577,"[29.3431523048771, -0.9712162517202607]"
16,10.0,5,10,400.09710566201784,"[23.300413082322635, -20.04078934381712]"
16,10.0,5,50,400.0049890926398,"[30.508008704970663, 0.7068459501704667]"
16,10.0,5,100,400.0002935523294,"[32.6229789887181, 8.322107352499565]"
16,10.0,10,10,400.1594383466707,"[42.08781545124844, 57.46227503658366]"
16,10.0,10,50,400.1677409668765,"[42.285544312133, 59.000266920678186]"
16,10.0,10,100,400.10167670473936,"[34.59367550144802, 18.905347258272187]"
16,50.0,1,10,404.160712691783,"[-6.683911589936358, -58.74612976444538]"
16,50.0,1,50,400.0293328103907,"[37.006149702054834, 27.213875761266024]"
16,50.0,1,100,400.00888695076924,"[35.01002938834348, 17.7288157342252]"
16,50.0,5,10,400.17181771573684,"[19.51620096718374, -26.626831975525583]"
16,50.0,5,50,400.0016940784965,"[31.4123283841438, 3.629727311558078]"
16,50.0,5,100,400.00056312912096,"[31.918539919256382, 5.469348444651001]"
16,50.0,10,10,400.013758016623,"[30.193106672265188, 0.26349093378213695]"
16,50.0,10,50,400.00515211936425,"[34.272243064291736, 15.026862125606996]"
16,50.0,10,100,400.0026337406314,"[33.81592756803881, 12.692749826015266]"
17,0.1,1,10,404.160712691783,"[-6.683911589936358, -58.74612976444538]"
17,0.1,1,50,404.00649951859884,"[-61.515483140005564, -15.128512562398981]"
17,0.1,1,100,403.52382394384983,"[8.479968910388903, -52.13589944801331]"
17,0.1,5,10,400.713734014533,"[1.836623735175539, -47.353961911441964]"
17,0.1,5,50,401.1188571496508,"[-6.2491423226672325, -51.465568582592255]"
17,0.1,5,100,400.432433409508,"[9.875387502632167, -41.06065635338402]"
17,0.1,10,10,403.9806439105587,"[-6.624563603148472, -58.492832228699434]"
17,0.1,10,50,404.00649951859884,"[-61.515483140005564, -15.128512562398981]"
17,0.1,10,100,400.16266917172703,"[42.13446312453653, 58.129785067594405]"
17,1.0,1,10,403.7083321788227,"[-6.683911589936358, -58.09752157878434]"
17,1.0,1,50,401.92045077830437,"[-12.168343083689694, -54.05785205055592]"
17,1.0,1,100,400.2563568413988,"[38.16959266512455, 28.59274636748113]"
17,1.0,5,10,400.1076243433194,"[22.284465557001827, -21.54028112349592]"
17,1.0,5,50,400.21338444693953,"[17.485500150301018, -30.794663505230456]"
17,1.0,5,100,400.02608583893743,"[36.76079041305123, 26.058227346439693]"
17,1.0,10,10,402.7004574154184,"[-6.683911589936358, -56.41109570804359]"
17,1.0,10,50,402.50519487734726,"[-36.604182219882695, -39.36878369005655]"
17,1.0,10,100,400.27685503851666,"[42.20046739965305, 54.158749674742445]"
17,10.0,1,10,400.57869888039556,"[40.96749801857903, 57.46227503658366]"
17,10.0,1,50,400.05827665654203,"[37.15421081151456, 29.519823184410903]"
17,10.0,1,100,400.0037309970588,"[30.832026697236827, 1.5899958512495846]"
17,10.0,5,10,401.0553940111847,"[-6.683911589936358, -50.11877169780515]"
17,10.0,5,50,400.0008829180167,"[33.21235617624089, 10.588217482340381]"
17,10.0,5,100,400.00478557785357,"[34.064714697530334, 14.235359519201971]"
17,10.0,10,10,400.1790536811046,"[42.28526571825943, 57.46227503658366]"
17,10.0,10,50,400.1366405414275,"[40.42221150920122, 48.264014859684934]"
17,10.0,10,100,400.1153218691271,"[22.08786088216131, -22.510091999649134]"
17,50.0,1,10,400.6920731500447,"[48.06518387395958, 121.63349311524264]"
17,50.0,1,50,400.0340829040006,"[32.74072138870636, 10.213751921437808]"
17,50.0,1,100,400.0052964152322,"[33.599279909036404, 11.45303589444083]"
17,50.0,5,10,400.0845467123539,"[25.41095358541183, -13.062401369024997]"
17,50.0,5,50,400.0012220039789,"[32.26140097753803, 6.536241200627764]"
17,50.0,5,100,400.0008785153442,"[31.809512307630925, 5.030773816602405]"
17,50.0,10,10,400.1596369551305,"[42.094492596217385, 57.46227503658366]"
17,50.0,10,50,400.0167696675903,"[30.741897505470586, 2.3472291115682395]"
17,50.0,10,100,400.00039918919737,"[32.88445624984469, 9.306085847458476]"
18,0.1,1,10,404.160712691783,"[-6.683911589936358, -58.74612976444538]"
18,0.1,1,50,404.00649951859884,"[-61.515483140005564, -15.128512562398981]"
18,0.1,1,100,401.46241086119863,"[-5.482542877393298, -53.26952694070304]"
18,0.1,5,10,400.745166856568,"[1.1558505703134687, -47.97952870799279]"
18,0.1,5,50,403.9878778491874,"[-61.515483140005564, -15.019375685160446]"
18,0.1,5,100,400.449180684828,"[9.35023471575389, -41.58085308118756]"
18,0.1,10,10,403.98433814122575,"[-6.683911589936358, -58.49934911345066]"
18,0.1,10,50,403.95533824105854,"[-61.40551699901283, -14.979830660224215]"
18,0.1,10,100,403.51976941965324,"[8.497750075585259, -52.11544254577851]"
18,1.0,1,10,403.6991982497926,"[-6.683911589936358, -58.08386994953054]"
18,1.0,1,50,402.4994179855047,"[44.168103232994234, 54.484246414000935]"
18,1.0,1,100,400.29406059742143,"[42.21047366401082, 53.94514415496124]"
18,1.0,5,10,400.127996804183,"[21.25846822982006, -23.923423864425327]"
18,1.0,5,50,400.1457316058419,"[20.44432207595102, -25.632530016045177]"
18,1.0,5,100,400.0006971833652,"[31.793131450730073, 5.047523952467299]"
18,1.0,10,10,402.49364560470167,"[-6.683911589936358, -56.0044408511675]"
18,1.0,10,50,404.00649951859884,"[-61.515483140005564, -15.128512562398981]"
18,1.0,10,100,400.0446859395037,"[37.8743281501823, 32.02589245542835]"
18,10.0,1,10,404.160712691783,"[-6.683911589936358, -58.74612976444538]"
18,10.0,1,50,400.0030531412167,"[31.691660181525116, 5.134135920940699]"
18,10.0,1,100,400.0190703525596,"[28.469026406521344, -5.793518917445217]"
18,10.0,5,10,400.052654050638,"[25.577641061470832, -13.843750824207207]"
18,10.0,5,50,400.0000173759129,"[32.58349067585405, 8.057846172350867]"
18,10.0,5,100,400.0005446222224,"[31.865990778050744, 5.409260784362319]"
18,10.0,10,10,400.1809634694452,"[41.90059729708509, 58.026263300976225]"
18,10.0,10,50,400.0119499078054,"[33.98071662230785, 14.38347383047882]"
18,10.0,10,100,400.08731244838265,"[23.384680477567073, -19.21536173710534]"
18,50.0,1,10,400.0629449251327,"[32.0999900073287, 4.118096294165998]"
18,50.0,1,50,400.0837164997773,"[39.00068050091674, 36.321731083772775]"
18,50.0,1,100,400.0006039824019,"[31.98369483299458, 5.933428411807249]"
18,50.0,5,10,400.00057608148177,"[33.16194990278757, 10.298338574833497]"
18,50.0,5,50,400.0024498259188,"[31.437758662588696, 4.0994065687221735]"
18,50.0,5,100,400.00046646561844,"[32.269637716550115, 6.685348650809796]"
18,50.0,10,10,400.01415435936883,"[29.254922265020305, -3.1284912135382825]"
18,50.0,10,50,400.0077839240521,"[30.601793156562767, 1.4117529651147436]"
18,50.0,10,100,400.00272708210065,"[31.160504602474674, 3.0389080804224875]"
19,0.1,1,10,404.111558044171,"[-6.683911589936358, -58.67808404387853]"
19,0.1,1,50,404.0014064732623,"[-61.515483140005564, -15.099744482879078]"
19,0.1,1,100,401.45149115305657,"[-6.38308777239964, -53.22577387329532]"
19,0.1,5,10,400.1273145895233,"[41.15265113214837, 51.45884443565316]"
19,0.1,5,50,403.6460395980252,"[-56.87728555577208, -19.20325007027782]"
19,0.1,5,100,400.4819675065538,"[8.34104300651382, -42.523121884492326]"
19,0.1,10,10,403.969655554665,"[-6.683911589936358, -58.47846979346735]"
19,0.1,10,50,403.94869301564324,"[-6.700503393776852, -58.44889717655298]"
19,0.1,10,100,400.1332265530492,"[41.37667972701908, 52.67074251924374]"
19,1.0,1,10,404.160712691783,"[-6.683911589936358, -58.74612976444538]"
19,1.0,1,50,403.2023976019806,"[44.01153667762632, 50.643318747088315]"
19,1.0,1,100,402.2218461273758,"[40.173768198051825, 29.198519634272554]"
19,1.0,5,10,400.1412819711806,"[20.601877322036604, -25.0968912494775]"
19,1.0,5,50,403.45112799613673,"[-53.586869512626215, -23.61166237526527]"
19,1.0,5,100,400.00022165367295,"[32.894418121803426, 9.265320183165166]"
19,1.0,10,10,403.0578191864505,"[-6.683911589936358, -57.05699055428109]"
19,1.0,10,50,402.3203327121595,"[11.956997717915346, -46.80156279380501]"
19,1.0,10,100,402.95169288392407,"[40.161763628429895, 26.753090498195675]"
19,10.0,1,10,403.5687683884189,"[-49.161100924717346, -25.763424304641564]"
19,10.0,1,50,400.4352330083217,"[10.808047365349434, -38.77459474320459]"
19,10.0,1,100,400.2430835853961,"[36.159109855850495, 27.60672228434744]"
19,10.0,5,10,400.0607868939882,"[30.368556719812343, -1.7403822709771593]"
19,10.0,5,50,400.0018505686068,"[31.34320731136945, 3.6039881849748543]"
19,10.0,5,100,400.00000610461683,"[32.443486627444614, 7.507353822647463]"
19,10.0,10,10,400.1667882663384,"[42.19722311023574, 57.46227503658366]"
19,10.0,10,50,400.0514891500634,"[37.412497901596176, 30.47341410497992]"
19,10.0,10,100,400.04561472282046,"[37.96352651377771, 32.412183142053834]"
19,50.0,1,10,404.160712691783,"[-6.683911589936358, -58.74612976444538]"
19,50.0,1,50,400.0432602442833,"[37.5175582881656, 28.971551048254476]"
19,50.0,1,100,400.0000301092788,"[32.509972173869905, 7.799281437496134]"
19,50.0,5,10,400.0110224095267,"[35.304229035474336, 19.34137778802854]"
19,50.0,5,50,400.00590929856673,"[32.17440528973962, 5.858780702799528]"
19,50.0,5,100,400.00307244773506,"[33.828931388857114, 13.16243773566417]"
19,50.0,10,10,400.11142524060205,"[30.16163183530238, -3.1284912135382825]"
19,50.0,10,50,400.0007513995552,"[32.68358274330932, 8.63867094304684]"
19,50.0,10,100,400.002078370879,"[33.743579913119916, 12.497263695538422]"
20,0.1,1,10,404.1606923922504,"[-6.685320579208739, -58.74612976444538]"
20,0.1,1,50,404.00649951859884,"[-61.515483140005564, -15.128512562398981]"
20,0.1,1,100,400.1687176350912,"[42.2917891362306, 59.20794769574945]"
20,0.1,5,10,400.69401403118985,"[2.3472872267790668, -47.01309403906319]"
20,0.1,5,50,403.8327576300406,"[-60.22517598454148, -15.398710026515035]"
20,0.1,5,100,400.49632679989463,"[8.03201833187123, -43.052101038510266]"
20,0.1,10,10,403.97750441449443,"[-6.683911589936358, -58.489637854410894]"
20,0.1,10,50,402.0791650359057,"[-7.124500168578569, -55.087198936613476]"
20,0.1,10,100,401.3197300528419,"[-12.611275311228844, -50.61319179613982]"
20,1.0,1,10,404.160712691783,"[-6.683911589936358, -58.74612976444538]"
20,1.0,1,50,402.85605886360463,"[-14.02502223931694, -55.78030536937699]"
20,1.0,1,100,400.14722348594864,"[41.73312569464642, 55.31013188203609]"
20,1.0,5,10,400.1090561826076,"[22.217839759935487, -21.92447564095155]"
20,1.0,5,50,400.2042783051976,"[17.865839947240968, -30.217505083277707]"
20,1.0,5,100,400.0040061180104,"[30.723061437026068, 1.2743581831893402]"
20,1.0,10,10,402.76437143069785,"[-6.683911589936358, -56.53147523735586]"
20,1.0,10,50,401.7542689667558,"[14.225440156884659, -42.98235901837239]"
20,1.0,10,100,400.0362119317979,"[37.468472909788666, 29.560610417209755]"
20,10.0,1,10,404.160712691783,"[-6.683911589936358, -58.74612976444538]"
20,10.0,1,50,400.0055148233651,"[30.700458270471373, 0.9593917488538608]"
20,10.0,1,100,400.0108721333643,"[35.10809740005112, 18.695103548981965]"
20,10.0,5,10,400.0198953695101,"[29.96076084567033, -0.30449852359896923]"
20,10.0,5,50,400.0086728732277,"[34.89477896769193, 17.67176568904665]"
20,10.0,5,100,400.00013165398497,"[32.40991617754669, 7.4693044109696025]"
20,10.0,10,10,400.23133693297035,"[42.49538405709782, 57.46227503658366]"
20,10.0,10,50,400.4157001119636,"[10.589295459405644, -39.59677325784888]"
20,10.0,10,100,400.0001974315507,"[32.82839658019336, 9.033737850387624]"
20,50.0,1,10,400.28377886910965,"[23.73287019784682, -15.200911965812153]"
20,50.0,1,50,400.0228398421059,"[32.7228764521177, 9.856446056372405]"
20,50.0,1,100,400.01595458595693,"[35.83491581728386, 21.79724310651996]"
20,50.0,5,10,400.0896120433664,"[36.88958698426427, 29.021349575170184]"
20,50.0,5,50,400.0004766894375,"[33.10649220814442, 10.005101407855086]"
20,50.0,5,100,400.00317841457235,"[34.0415536962884, 13.721177603549144]"
20,50.0,10,10,400.2278558635592,"[43.21024901599428, 64.00071357818388]"
20,50.0,10,50,400.0100122330197,"[32.52223820286222, 6.946063872256715]"
20,50.0,10,100,400.0006493474548,"[33.17880880421057, 10.250080643543953]"
21,0.1,1,10,404.12179862783614,"[-6.683911589936358, -58.69230579745617]"
21,0.1,1,50,403.9985791098811,"[-61.547956727390805, -15.03182558334083]"
21,0.1,1,100,401.46255112293306,"[-11.29760109267016, -52.53556361357377]"
21,0.1,5,10,400.7631332638428,"[0.6754653793630401, -48.205814274584945]"
21,0.1,5,50,403.09801081727164,"[-6.768717584532215, -57.12734897113296]"
21,0.1,5,100,403.4200566906298,"[-53.07693858286198, -23.664136000383564]"
21,0.1,10,10,403.9837390841348,"[-6.683911589936358, -58.49849826627634]"
21,0.1,10,50,400.16356025566967,"[42.18973663360267, 58.206946668074714]"
21,0.1,10,100,401.35513833109417,"[-10.476610480785435, -52.152744169515564]"
21,1.0,1,10,404.160712691783,"[-6.683911589936358, -58.74612976444538]"
21,1.0,1,50,402.8773909011305,"[-13.49870447475223, -55.953155693692786]"
21,1.0,1,100,400.2878390168926,"[14.707154179079893, -34.734503183919045]"
21,1.0,5,10,400.0932811769192,"[23.061422479331313, -19.82866150164432]"
21,1.0,5,50,400.3906995155854,"[11.629963896801657, -39.63267845032968]"
21,1.0,5,100,400.00897118731433,"[29.80208292617232, -1.5964502365933682]"
21,1.0,10,10,402.707050015879,"[-6.683911589936358, -56.42362067694129]"
21,1.0,10,50,402.111989658269,"[-13.584565720328344, -54.24464408377454]"
21,1.0,10,100,400.2858610909109,"[15.273402072273356, -34.916580915949105]"
21,10.0,1,10,402.80387579602086,"[-33.74763402955629, -44.268440432736234]"
21,10.0,1,50,400.01017758213584,"[34.151054239474234, 13.518680435067228]"
21,10.0,1,100,400.00950056360637,"[30.004785824736604, -0.6898342899972523]"
21,10.0,5,10,400.1230726758728,"[39.120427214169375, 35.96945981032755]"
21,10.0,5,50,400.000490542789,"[32.76057400253724, 8.877360596094004]"
21,10.0,5,100,400.0025970253145,"[31.473543788189062, 4.256255913331003]"
21,10.0,10,10,400.1482429160492,"[41.18040932452271, 49.39480887286993]"
21,10.0,10,50,400.3158430208131,"[14.379629296597226, -34.5452931790951]"
21,10.0,10,100,400.0009745962836,"[31.854910318907883, 5.505124610760863]"
21,50.0,1,10,402.21646141585035,"[-30.631662091282525, -44.268440432736234]"
21,50.0,1,50,400.98049224458373,"[32.09927931464996, 14.686459436018566]"
21,50.0,1,100,400.01324531355874,"[29.16741855184822, -3.6698642439615057]"
21,50.0,5,10,400.0120157100954,"[35.454903978176745, 19.846331764682738]"
21,50.0,5,50,400.0053372560053,"[34.080148439632694, 13.544590577807494]"
21,50.0,5,100,400.0004647027616,"[33.09884165740591, 10.04310925105498]"
21,50.0,10,10,400.0180841194099,"[29.17846281988664, -3.1284912135382825]"
21,50.0,10,50,400.0200243109937,"[35.302994375691156, 18.30339869797107]"
21,50.0,10,100,400.00297385050857,"[31.167947642002694, 3.110678940138545]"
22,0.1,1,10,404.16043583558155,"[-6.7034903088209585, -58.74612976444538]"
22,0.1,1,50,403.96061225078427,"[-61.339038584631844, -15.128512562398981]"
22,0.1,1,100,401.5591559382902,"[-12.79684125830546, -52.56467969998711]"
22,0.1,5,10,400.7190225767131,"[1.7036852613741518, -47.44774655456484]"
22,0.1,5,50,403.81119591310136,"[-59.90616265747633, -15.988680922686761]"
22,0.1,5,100,400.43978859033837,"[9.633235303990002, -41.271582429048614]"
22,0.1,10,10,403.97189930160687,"[-6.683911589936358, -58.481663952627834]"
22,0.1,10,50,403.9497771888371,"[-61.29236049955226, -15.128512562398981]"
22,0.1,10,100,400.14426795777086,"[41.647693419018154, 54.74870519873526]"
22,1.0,1,10,404.0797964498869,"[-6.683911589936358, -58.63382028311916]"
22,1.0,1,50,404.00649951859884,"[-61.515483140005564, -15.128512562398981]"
22,1.0,1,100,402.12480307020525,"[39.73431285681249, 57.772045889979765]"
22,1.0,5,10,400.0727199623985,"[39.325483018733394, 39.53017506137794]"
22,1.0,5,50,400.1178133452913,"[40.59531002561604, 48.44591802927258]"
22,1.0,5,100,400.0003586399434,"[32.819875275121305, 9.062452668756096]"
22,1.0,10,10,402.5999540049682,"[-6.683911589936358, -56.21691693841096]"
22,1.0,10,50,400.5504789974744,"[6.314781728371491, -44.050507368742245]"
22,1.0,10,100,400.1356120297603,"[41.17401933804589, 52.18631010105139]"
22,10.0,1,10,402.4751929816206,"[-6.683911589936358, -55.96676145695333]"
22,10.0,1,50,400.0011634629552,"[33.420154863335156, 11.195717728966216]"
22,10.0,1,100,400.02203823914334,"[36.441627339228475, 24.432862335397953]"
22,10.0,5,10,400.1022009502632,"[24.791546567066845, -17.27914459801773]"
22,10.0,5,50,400.03010304873715,"[28.505366176916265, -4.9165121613347145]"
22,10.0,5,100,400.000097193211,"[32.388456115911666, 7.371436085806751]"
22,10.0,10,10,400.1294305337163,"[40.11203412116687, 46.36417335090929]"
22,10.0,10,50,400.066831877888,"[24.633940578813046, -16.360047853432263]"
22,10.0,10,100,400.07240410064435,"[38.67294309743269, 37.13449923857419]"
22,50.0,1,10,400.5017815029514,"[20.4668377185956, -29.366013739358966]"
22,50.0,1,50,400.0218682403017,"[32.19885780195605, 7.8410387004915805]"
22,50.0,1,100,400.00197550786635,"[31.28572996946374, 3.2105121261065364]"
22,50.0,5,10,400.08792788294676,"[35.81292852635556, 18.982568535248568]"
22,50.0,5,50,400.02524431661493,"[33.343234330549215, 9.611906841550518]"
22,50.0,5,100,400.0009824839043,"[32.66013033666126, 8.585179829179229]"
22,50.0,10,10,400.014866234846,"[33.826172180393534, 13.897578874479557]"
22,50.0,10,50,400.0006330061255,"[31.805801112356356, 5.128585250944775]"
22,50.0,10,100,400.00022508972944,"[32.29023691757637, 7.038238707318808]"
23,0.1,1,10,404.1588004930246,"[-6.841738144802296, -58.74612976444538]"
23,0.1,1,50,403.9992898490281,"[-61.4896430687039, -15.128512562398981]"
23,0.1,1,100,400.1726394924861,"[42.395100840747375, 59.886939447104744]"
23,0.1,5,10,400.75395637342643,"[0.8194869142262575, -47.98522388086884]"
23,0.1,5,50,402.1765984259378,"[31.278888434911938, 15.698531451274274]"
23,0.1,5,100,400.4088706122923,"[10.691720157034219, -40.332309659802156]"
23,0.1,10,10,404.0106417462547,"[-6.683911589936358, -58.53662179604354]"
23,0.1,10,50,404.00649951859884,"[-61.515483140005564, -15.128512562398981]"
23,0.1,10,100,400.03372892433765,"[37.2864999729209, 28.76383382639152]"
23,1.0,1,10,404.160712691783,"[-6.683911589936358, -58.74612976444538]"
23,1.0,1,50,403.47795088307225,"[-6.683911589936358, -57.745576257784926]"
23,1.0,1,100,400.2708180806968,"[15.634863255910187, -34.23941519506887]"
23,1.0,5,10,400.0602790650016,"[25.682950835356536, -14.326942938396785]"
23,1.0,5,50,400.09098240697693,"[40.03662605426865, 43.72233396543759]"
23,1.0,5,100,400.0538439977619,"[38.445842444290136, 34.84205663204443]"
23,1.0,10,10,403.1474071937241,"[-6.550888862898421, -57.20656650681953]"
23,1.0,10,50,400.31834313242126,"[13.986283197921667, -36.618988980180966]"
23,1.0,10,100,400.0238769396429,"[36.591689413508654, 25.11654647919893]"
23,10.0,1,10,400.04112179240803,"[29.154504344421955, -2.442012669266214]"
23,10.0,1,50,400.0003370199803,"[33.02006591151907, 9.709650635857429]"
23,10.0,1,100,400.0186382626535,"[29.24788271488191, -2.852949500395944]"
23,10.0,5,10,400.0101758270031,"[35.214711224821706, 18.698842583360335]"
23,10.0,5,50,401.27770240732264,"[-10.436175168641054, -51.563402528138504]"
23,10.0,5,100,400.0000212285972,"[32.60924689230325, 8.152891044275414]"
23,10.0,10,10,400.1598918114547,"[42.101808278268216, 57.46227503658366]"
23,10.0,10,50,400.183021840881,"[42.631462923978695, 61.68980929493567]"
23,10.0,10,100,400.01111407329125,"[31.546702693114362, 5.053732763398372]"
23,50.0,1,10,400.0421445974132,"[29.175514092329696, -2.3480574851393214]"
23,50.0,1,50,400.08808419583687,"[33.86382056575218, 15.656454550722515]"
23,50.0,1,100,400.00035068210053,"[32.889655885620236, 9.088075575535665]"
23,50.0,5,10,400.0077168993373,"[30.708952845080272, 1.8043530625151547]"
23,50.0,5,50,400.00104846568183,"[31.829367587143196, 5.41858811222712]"
23,50.0,5,100,400.0011234866936,"[31.72760388840804, 5.027569613187885]"
23,50.0,10,10,400.0626679153897,"[36.52068179811249, 22.916250623610182]"
23,50.0,10,50,400.0198772620229,"[35.52438381356786, 20.970950721748533]"
23,50.0,10,100,400.00329094009174,"[30.884270790536394, 1.9544618714414703]"
24,0.1,1,10,404.160712691783,"[-6.683911589936358, -58.74612976444538]"
24,0.1,1,50,404.00649951859884,"[-61.515483140005564, -15.128512562398981]"
24,0.1,1,100,403.5324974740208,"[8.497750075585259, -52.13589944801331]"
24,0.1,5,10,400.7468853244363,"[0.9417624736393592, -47.718199921176854]"
24,0.1,5,50,403.0820187219612,"[-6.4430834491604685, -57.092668931934114]"
24,0.1,5,100,401.0320825448071,"[-6.048691502589337, -50.31274900912331]"
24,0.1,10,10,403.9952457484379,"[-6.683911589936358, -58.51482590277779]"
24,0.1,10,50,404.00649951859884,"[-61.515483140005564, -15.128512562398981]"
24,0.1,10,100,400.1372823654737,"[41.47088127417783, 53.45123264714131]"
24,1.0,1,10,404.160712691783,"[-6.683911589936358, -58.74612976444538]"
24,1.0,1,50,402.90299834182895,"[-8.93545885934582, -56.72392410994869]"
24,1.0,1,100,400.2129242723188,"[17.501737691469298, -30.74929062963849]"
24,1.0,5,10,400.20477074124653,"[17.960431320437888, -30.293852029997066]"
24,1.0,5,50,400.137464702533,"[20.8204102440223, -24.86159516631383]"
24,1.0,5,100,400.0610033155042,"[38.80883289189141, 36.622123019324036]"
24,1.0,10,10,402.4418574712567,"[-6.683911589936358, -55.89805962937811]"
24,1.0,10,50,401.3329936310041,"[42.74703865467461, 49.36004461420209]"
24,1.0,10,100,400.0036940993216,"[33.9920779672934, 13.831269747640434]"
24,10.0,1,10,401.7295252319144,"[24.0802335196904, -8.304189303918605]"
24,10.0,1,50,400.1100688432786,"[27.830346561797633, -9.971378394895964]"
24,10.0,1,100,400.0133769341119,"[29.62158976117558, -1.8177417264744626]"
24,10.0,5,10,400.0004258864333,"[32.26404654088706, 6.990777485026067]"
24,10.0,5,50,400.0010678280808,"[33.33578272839392, 11.055591836049391]"
24,10.0,5,100,400.0006093353252,"[31.816109578157675, 5.202983902795085]"
24,10.0,10,10,400.1615020941143,"[41.9659844427617, 57.46227503658366]"
24,10.0,10,50,400.1389054436017,"[41.503462088782484, 53.74224491504839]"
24,10.0,10,100,400.01444025405704,"[35.62369830361661, 20.342952297156703]"
24,50.0,1,10,401.1316644658517,"[10.977564440422753, -44.69302564739576]"
24,50.0,1,50,400.0435849294986,"[30.815424102194203, 3.309659092131376]"
24,50.0,1,100,400.0075323139198,"[30.68734775582847, 0.751249187325115]"
24,50.0,5,10,400.20798158143305,"[42.51751116170856, 58.33447225883296]"
24,50.0,5,50,400.01019884949056,"[31.23666535780181, 2.3790217635004893]"
24,50.0,5,100,400.00483183372694,"[32.9930745755317, 10.17998487523997]"
24,50.0,10,10,400.08908636372985,"[32.18839028601515, 4.03798073480629]"
24,50.0,10,50,400.00108842804184,"[31.80525214376328, 5.330826448483947]"
24,50.0,10,100,400.0086905745805,"[32.10965324646023, 7.040323889523513]"
